{
  "validation": {
    "brier_score": 0.0012907134379879712
  },
  "test": {
    "brier_score": 0.0017635746846792674
  },
  "out_of_time": {
    "brier_score": 0.0021446600098315436
  }
}