{
  "threshold": 0.8,
  "precision": 0.003692762186115214,
  "recall": 0.046296296296296294,
  "f1": 0.006839945280437756,
  "fbeta": 0.013997760358342666,
  "pr_auc": 0.005244293572726223,
  "tp": 5.0,
  "fp": 1349.0,
  "tn": 58858.0,
  "fn": 103.0,
  "alerts": 1354.0,
  "alert_rate": 0.022448810412003646,
  "roc_auc": 0.561153834087214
}