{
  "threshold": 0.1,
  "precision": 0.046296296296296294,
  "recall": 0.09090909090909091,
  "f1": 0.06134969325153374,
  "fbeta": 0.07621951219512195,
  "pr_auc": 0.05112758417843424,
  "tp": 5.0,
  "fp": 103.0,
  "tn": 33362.0,
  "fn": 50.0,
  "alerts": 108.0,
  "alert_rate": 0.003221957040572792,
  "roc_auc": 0.7784936772475992
}